Comment,Designator,Footprint,LCSC,Quantity
0.1p,C12,C_0603_1608Metric,C304680,1
0R,"R11,R12,R22,R23",R_0603_1608Metric,C21189,4
100K,R1,R_0603_1608Metric,C25803,1
100nF/50V,"C1,C14,C15,C2,C3,C4,C5,C7",C_0603_1608Metric,C14663,8
100pF,C13,C_0603_1608Metric,C14858,1
100u,C11,C_1210_3225Metric_Pad1.33x2.70mm_HandSolder,C23742,1
10K,"R17,R2,R7",R_0603_1608Metric,C25804,3
10R,"R18,R19",R_0603_1608Metric,C22859,2
10n,C9,C_0603_1608Metric,C57112,1
1p,C10,C_0603_1608Metric,C37117,1
1uF/16V,"C6,C8",C_0603_1608Metric,C15849,2
20K,R15,R_0603_1608Metric,C4184,1
24K,R20,R_0603_1608Metric,C23352,1
2M,"R10,R13",R_0603_1608Metric_Pad0.98x0.95mm_HandSolder,C22976,2
2N7002,Q1,SOT-23,C8545,1
3.3K,R21,R_0603_1608Metric_Pad0.98x0.95mm_HandSolder,C22978,1
30R,R16,R_0603_1608Metric_Pad0.98x0.95mm_HandSolder,C22985,1
4.7K,"R3,R4,R5,R6,R9",R_0603_1608Metric,C23162,5
510,R14,R_0603_1608Metric,C23193,1
82R,R8,R_0603_1608Metric,C25260,1
BLM21PG121SN1,"FB1,FB2",L_0805_2012Metric,C79382,2
LT3092xST,U4,SOT-223-3_TabPin2,C117207,1
MCP6022,"U3,U5",SOIC-8_3.9x4.9mm_P1.27mm,C57639,2
STM32L432KCUx,U1,QFN-32-1EP_5x5mm_P0.5mm_EP3.45x3.45mm,C1337280,1
SW_Push,SW1,SW_Push_1P1T_NO_CK_KMR2,C221675,1
TPS78233DDC,U2,SOT-23-5,C14878,1
