Designator,Val,Package,Mid X,Mid Y,Rotation,Layer
C1,100nF/50V,C_0603_1608Metric,-77.581,58.545141,0.0,top
C10,1p,C_0603_1608Metric,-68.671092,42.939,0.0,top
C11,100u,C_1210_3225Metric_Pad1.33x2.70mm_HandSolder,-55.222,44.552,0.0,top
C12,0.1p,C_0603_1608Metric,-57.304092,38.889,0.0,top
C13,100pF,C_0603_1608Metric,-73.707,79.509,180.0,top
C14,100nF/50V,C_0603_1608Metric,-60.885,44.449,180.0,top
C15,100nF/50V,C_0603_1608Metric,-60.087,81.436,0.0,top
C2,100nF/50V,C_0603_1608Metric,-22.736,83.799,90.0,top
C3,100nF/50V,C_0603_1608Metric,-65.888,55.953141,-90.0,top
C4,100nF/50V,C_0603_1608Metric,-66.081,53.495141,0.0,top
C5,100nF/50V,C_0603_1608Metric,-76.669,56.050141,90.0,top
C6,1uF/16V,C_0603_1608Metric,-27.952,83.723,90.0,top
C7,100nF/50V,C_0603_1608Metric,-74.706,59.270141,90.0,top
C8,1uF/16V,C_0603_1608Metric,-34.052,83.748,90.0,top
C9,10n,C_0603_1608Metric,-68.704092,39.144,0.0,top
FB1,BLM21PG121SN1,L_0805_2012Metric,-24.506,83.77,90.0,top
FB2,BLM21PG121SN1,L_0805_2012Metric,-72.981092,34.067859,0.0,top
Q1,2N7002,SOT-23,-63.536,78.12,180.0,top
R1,100K,R_0603_1608Metric,-78.362,56.070141,90.0,top
R10,2M,R_0603_1608Metric_Pad0.98x0.95mm_HandSolder,-68.646092,41.239,0.0,top
R11,0R,R_0603_1608Metric,-62.157,56.845,0.0,top
R12,0R,R_0603_1608Metric,-62.146,55.145141,0.0,top
R13,2M,R_0603_1608Metric,-57.346092,41.789,0.0,top
R14,510,R_0603_1608Metric,-55.538092,37.108,180.0,top
R15,20K,R_0603_1608Metric,-62.713092,37.098,0.0,top
R16,30R,R_0603_1608Metric_Pad0.98x0.95mm_HandSolder,-59.073092,37.108,0.0,top
R17,10K,R_0603_1608Metric,-69.811,78.922,0.0,top
R18,10R,R_0603_1608Metric,-73.387,73.188,0.0,top
R19,10R,R_0603_1608Metric,-73.412,74.998,0.0,top
R2,10K,R_0603_1608Metric,-71.189,63.207141,0.0,top
R20,24K,R_0603_1608Metric,-69.824,77.18,0.0,top
R21,3.3K,R_0603_1608Metric_Pad0.98x0.95mm_HandSolder,-73.732,77.881,180.0,top
R22,0R,R_0603_1608Metric,-73.403,71.397,0.0,top
R23,0R,R_0603_1608Metric,-65.102,73.842,180.0,top
R3,4.7K,R_0603_1608Metric,-64.254,60.402141,0.0,top
R4,4.7K,R_0603_1608Metric,-62.106,62.395141,180.0,top
R5,4.7K,R_0603_1608Metric,-62.081,53.495141,0.0,top
R6,4.7K,R_0603_1608Metric,-62.151,58.804,0.0,top
R7,10K,R_0603_1608Metric,-26.322,83.759,90.0,top
R8,82R,R_0603_1608Metric,-66.719092,37.103,0.0,top
R9,4.7K,R_0603_1608Metric,-70.204092,37.094,0.0,top
SW1,SW_Push,SW_Push_1P1T_NO_CK_KMR2,-80.421,63.78,180.0,top
U1,STM32L432KCUx,QFN-32-1EP_5x5mm_P0.5mm_EP3.45x3.45mm,-70.310782,57.473878,0.0,top
U2,TPS78233DDC,SOT-23-5,-30.9145,83.748,180.0,top
U3,MCP6022,SOIC-8_3.9x4.9mm_P1.27mm,-63.054092,40.879,270.0,top
U4,LT3092xST,SOT-223-3_TabPin2,-75.605,84.698,180.0,top
U5,MCP6022,SOIC-8_3.9x4.9mm_P1.27mm,-62.719,85.979,270.0,top
